職員ID,基本職務内容,重要ミッション,主要数値目標,目標値
1,事業所における運営管理の統括に関すること,相談支援事業の赤字（約61万円）解消を最優先事項とし、短期入所稼働率（25.5%）を40%台へ引き上げる戦略を指揮するとともに、人件費支出（約1.58億円）に見合う生産性の高い組織運営を統括し、拠点全体の次期繰越活動増減差額（約3.2億円）の健全な積み増しを実現する。,相談支援事業の赤字解消,約61万円
1,予算決算等の財務管理に関すること,,短期入所稼働率引き上げ,40%台
1,職員人事、給与、福利厚生に関すること,,,
1,事業所における保全、管理の統括に関すること,,,
1,事業所における事故防止、防災の統括に関すること,,,
1,各種規則、規定に関すること,,,
1,業務契約に関すること,,,
1,公印、利用者の印鑑の管理,,,
1,文書管理の統括に関すること,,,
1,支援全般の統括に関すること,,,
1,事業計画及び事業報告の統括に関すること,,,
1,地域における協力関係の統括に関すること,,,
1,人権擁護・虐待防止・身体拘束の統括に関すること,,,
1,個人情報保護に関すること,,,
1,苦情相談の統括に関すること,,,
1,関係諸機関との連絡調整の統括に関すること,,,
1,群馬県知的障害者福祉協会　施設長部会・支援施設部会【部会長】給食部会【助言者】人権倫理委員会【書記】,,,
1,法人運営委員として法人運営に関すること,,,
2,施設管理者の補佐をすること。,管理者の補佐として、生活介護（84.6%）および施設入所（90.5%）のフル稼働を目指す現場改善を推進し、介護給付費収入（約1.9億円）の安定確保と、前年比184.5%と高騰した修繕費支出の適切な抑制・管理を徹底する。,生活介護および施設入所のフル稼働,100%
2,管理者に事故があるとき又は欠けた時にその職務を代理すること,,介護給付費収入の安定確保,1.9億円
2,職員の人事・給与・福利厚生の補佐に関すること,,,
2,職員の休日・休暇及び服務に関すること,,,
2,各種管理台帳の管理に関すること,,,
2,公文書類の収受・配布・発送・管理に関すること,,,
2,業務契約の補佐に関すること,,,
2,施設や事業所の保全・管理に関すること,,,
2,防火管理者の補佐及び事故防止・防災に関すること,,,
2,関係機関との連絡調整補佐に管理に関すること,,,
2,介護・訓練等給付費の請求及び管理に関すること,,,
2,利用者支援の管理補佐に関すること,,,
2,赤城野荘障害者相談支援事業所に関すること,,,
2,委員会活動・係分担表・行事計画の業務に関すること,,,
2,法人運営委員として、法人運営に関すること,,,
2,地域交流に関すること,,,
2,社会福祉士・介護福祉士,,,
2,保護者会に関すること（計画立案及び保護者との連絡調整を行う）,,,
2,生活支援員・看護師の総括に関すること（管理者の命令を受け、支援員や看護師が個々の役割を遂行できる　ようグループリーダー等と連携し利用者支援部門を統括する）,,,
2,サービス管理責任者の業務に関すること,,,
2,利用者支援全般に関すること,,,
2,年間支援計画作成に関すること,,,
2,個別支援計画に関すること　（サービス管理責任者として個別支援計画の作成と指導、個別支援計画の作成に係る会議の企画・運営等、関係者や関係機関との連携),,,
2,日中支援・余暇支援・外出支援を支援の３本柱として力を入れ、利用者の日中生活を充実させること,,,
2,人権擁護・虐待防止・身体拘束に関すること（利用者の人権を守り、虐待防止に努め、身体拘束の削減に努める）,,,
2,個人情報保護に関すること（個人情報の保護に関して周知徹底する）,,,
2,苦情相談に関すること（苦情受付担当者として、苦情があった場合は管理者・副管理者に 報告し速やかに苦情解決に努める）,,,
2,関係諸機関との連絡調整に関すること,,,
2,委員会活動・係分担表・行事計画の業務に関すること（進捗状況を把握しながら各委員会・係・行事計画担当者と連携しスムーズに業務が遂行できるように努める）,,,
2,勤務表・週計画に関すること,,,
2,利用者の支援業務に関する各種書類に関すること（随時、パソコンのフォルダー整理、各種書類の整理、書式の改定を行う）,,,
2,職員会議・支援員会議開催に関すること,,,
2,サービス管理責任者,,,
2,群馬県知的障害者福祉協会　研修委員会【役員】に関すること,,,
3,施設管理者の補佐をすること。,"予算・決算の管理を通じ、特に前年比114.7%となった給食費や光熱水費等の事業費（約4,487万円）を精査し、事務消耗品費（前年比84.5%）の抑制を継続しながら、未収金の発生を防ぐ正確な給付費請求と流動資産（約2億円）の適正管理を完遂する。",事務消耗品費の抑制,84.50%
3,管理者に事故があるとき又は欠けた時にその職務を代理すること,,正確な給付費請求と流動資産の適正管理,約2億円
3,経理・庶務に関すること,,,
3,予算・決算の財務管理の補佐に関すること,,,
3,金銭出納に関すること,,,
3,物品購入に関すること,,,
3,寄付金の手続き、事務に関すること,,,
3,職員の人事・給与・福利厚生の補佐に関すること,,,
3,職員の休日・休暇及び服務に関すること,,,
3,各種管理台帳の管理に関すること,,,
3,公文書類の収受・配布・発送・管理に関すること,,,
3,業務契約の補佐に関すること,,,
3,施設や事業所の保全・管理に関すること,,,
3,関係機関との連絡調整補佐に管理に関すること,,,
3,介護・訓練等給付費の請求及び管理に関すること,,,
3,赤城野荘障害者相談支援事業所に関すること,,,
3,委員会活動・係分担表・行事計画の業務に関すること,,,
3,地域交流に関すること,,,
3,保護者会に関すること（計画立案及び保護者との連絡調整を行う）,,,
4,主任事務員の補佐をすること,主任事務員の補佐として、日々の金銭出納・物品購入においてコスト意識を徹底し、事業活動支出（約1.9億円）の効率化を図るとともに、公用車の厳格な管理を通じて車輌費（前年比64.1%）の低位安定を維持し、財務面から拠点経営を支える。,事業活動支出の効率化,約1.9億円
4,経理・庶務に関すること,,車輌費の低位安定を維持,前年比64.1%
4,予算・決算の財務管理の補佐に関すること,,,
4,金銭出納に関すること,,,
4,物品購入に関すること,,,
4,寄付金の手続き、事務に関すること,,,
4,職員の人事・給与・福利厚生の補佐に関すること,,,
4,職員の休日・休暇及び服務に関すること,,,
4,公文書類の収受・配布・発送・管理に関すること,,,
4,業務契約の補佐に関すること,,,
4,施設・事業所の保全・管理に関すること,,,
4,防火管理者の補佐及び事故防止・防災に関すること,,,
4,公用車の管理保全に関すること,,,
4,関係機関との連絡調整補佐に管理に関すること,,,
4,介護、訓練給付費の請求及び管理補佐に関すること。,,,
4,赤城野荘障害者相談支援事業所に関する事務的なこと,,,
4,委員会活動・係分担表・行事計画の業務に関すること,,,
4,群馬県知的障害者福祉協会　事務部会に関すること,,,
4,保護者会に関すること（計画立案及び保護者との連絡調整を行う）,,,
5,管理者・副管理者・サービス管理責任者の指示を受け看護師内の統一を図ること。,利用者の徹底した健康管理により重度化・欠員を防止して施設入所稼働率を維持し、口腔ケアや機能訓練の充実による高い支援品質の提供を通じて、見学者や短期入所希望者への訴求力を高め、短期入所（稼働率25.5%）の利用促進に寄与する。,短期入所の利用促進に寄与,25.50%
5,利用者の健康管理に関すること,,,
5,看護師の業務に関すること,,,
5,利用者・職員の健康診断に関すること,,,
5,医務日誌・関連ケース等の書類整備に関すること,,,
5,利用者の服薬等に関すること,,,
5,利用者の機能訓練に関すること,,,
5,利用者の口腔ケア摂食嚥下に関すること,,,
5,人権擁護・虐待防止・身体拘束に関すること（利用者の人権を守り、虐待防止に努め、身体拘束の削減に努める）,,,
5,委員会活動・係分担表・行事計画の業務に関すること,,,
5,光明園の利用者、職員の健康診断に関すること,,,
5,嘱託医・協力医療機関・地域医療機関に関すること,,,
5,地域交流に関すること,,,
5,群馬県知的障害者福祉協会　保健部会に関すること,,,
5,第1種衛生管理責任者,,,
6,利用者の健康管理に関すること,医務日誌やケース記録を精緻に整備し、日々のバイタル管理と感染症対策を徹底することで、利用者の健康起因による退所を最小限に留め、医療費や保健衛生費（前年比108.5%）の効率的な運用と安定した稼働の継続に貢献する。,医療費や保健衛生費の効率的な運用と安定した稼働の継続に貢献,108.50%
6,看護師の業務に関すること,,,
6,利用者・職員の健康診断に関すること,,,
6,医務日誌・関連ケース等の書類整備に関すること,,,
6,利用者の服薬等に関すること,,,
6,利用者の機能訓練に関すること,,,
6,利用者の口腔ケア摂食嚥下に関すること,,,
6,人権擁護・虐待防止・身体拘束に関すること（利用者の人権を守り、虐待防止に努め、身体拘束の削減に努める）,,,
6,委員会活動・係分担表・行事計画の業務に関すること,,,
6,光明園の利用者、職員の健康診断に関すること,,,
6,嘱託医・協力医療機関・地域医療機関に関すること,,,
6,地域交流に関すること,,,
6,群馬県知的障害者福祉協会　保健部会に関すること,,,
7,支援の総括に関すること（管理者の命令を受け、支援員が個々の役割を遂行できるようにサービス管理責任者、副主任と連携し支援員部門を統括する）,支援部門の統括として、生活介護および短期入所の空床状況を常に把握し、地域ニーズに即した柔軟な受け入れ態勢を構築することで、サービス活動収益（目標2.2億円超）の最大化と、人件費率に見合う支援員全体のスキルアップを主導する。,サービス活動収益（目標2.2億円超）の最大化と、人件費率に見合う支援員全体のスキルアップを主導する。,2.2億円超
7,サービス管理責任者の補佐をすること,,,
7,利用者支援全般に関すること,,,
7,年間支援計画作成に関すること,,,
7,個別支援計画に関すること（サービス管理責任者の指示を受け、個別支援計画に関する記録状況や、計画の経過、見直し等をサポートする）,,,
7,ケース記録に関すること（個別支援計画に沿った支援を実施し内容を記録する。支援経過をまとめ、計画変更がある場合は内容を記録し計画変更をしてもらう),,,
7,管理者・副管理者・サービス管理責任者の指示のもと、生活支援員の業務の調整、意見聴取等を行い支援員の統括を図ること,,,
7,日中支援・余暇支援・外出支援を利用者の日中生活を充実させる,,,
7,生活支援員への指導に関すること,,,
7,人権擁護・虐待防止・身体拘束に関すること（利用者の人権を守り、虐待防止に努め、身体拘束の削減に努める）,,,
7,個人情報保護に関すること,,,
7,関係諸機関との連絡調整に関すること,,,
7,勤務表・週計画作成に関すること,,,
7,委員会活動・係分担・行事計画の業務に関すること（進捗状況を把握しながら、担当者がスムーズに業務遂行ができるようにサポートする）,,,
7,支援業務に関する各種書類の管理（随時、パソコンのフォルダー整理、各種書類の整理、書式の改定を行う）,,,
7,支援員全般の管理し、職員間の協力のもと業務を円滑に遂行する。,,,
7,職員会議、支援員会議開催に関すること(内容の計画や相談),,,
7,社会福祉士（社会福祉士実習指導者資格を目指すこと）・介護福祉士・相談支援専門員,,,
8,支援の総括に関すること（管理者の命令を受け、支援員が個々の役割を遂行できるようにサービス管理責任者と連携し支援員部門を統括する）,支援部門の統括として、生活介護および短期入所の空床状況を常に把握し、地域ニーズに即した柔軟な受け入れ態勢を構築することで、サービス活動収益（目標2.2億円超）の最大化と、人件費率に見合う支援員全体のスキルアップを主導する。,サービス活動収益（目標2.2億円超）の最大化と、人件費率に見合う支援員全体のスキルアップを主導する。,2.2億円超
8,サービス管理責任者の補佐をすること,,,
8,利用者支援全般に関すること,,,
8,年間支援計画作成に関すること,,,
8,個別支援計画に関すること（サービス管理責任者の指示を受け、個別支援計画に関する記録状況や、計画の経過、見直し等をサポートする）,,,
8,ケース記録に関すること（個別支援計画に沿った支援を実施し内容を記録する。支援経過をまとめ、計画変更がある場合は内容を記録し計画変更をしてもらう),,,
8,管理者・副管理者・サービス管理責任者の指示のもと、男子生活支援員の業務の調整、意見聴取等を行い男子支援員の統括を図ること,,,
8,日中支援・余暇支援・外出支援を利用者の日中生活を充実させる,,,
8,生活支援員への指導に関すること,,,
8,人権擁護・虐待防止・身体拘束に関すること（利用者の人権を守り、虐待防止に努め、身体拘束の削減に努める）,,,
8,個人情報保護に関すること,,,
8,関係諸機関との連絡調整に関すること,,,
8,週計画作成に関すること,,,
8,委員会活動・係分担・行事計画の業務に関すること（進捗状況を把握しながら、担当者がスムーズに業務遂行ができるようにサポートする）.,,,
8,支援業務に関する各種書類の管理（随時、パソコンのフォルダー整理、各種書類の整理、書式の改定を行う）,,,
8,男子支援員全般の管理し、職員間の協力のもと業務を円滑に遂行する。,,,
8,職員会議、支援員会議開催に関すること(内容の計画や相談),,,
8,介護福祉士,,,
9,支援の総括に関すること（管理者の命令を受け、支援員が個々の役割を遂行できるようにサービス管理責任者と連携し支援員部門を統括する）,支援部門の統括として、生活介護および短期入所の空床状況を常に把握し、地域ニーズに即した柔軟な受け入れ態勢を構築することで、サービス活動収益（目標2.2億円超）の最大化と、人件費率に見合う支援員全体のスキルアップを主導する。,サービス活動収益（目標2.2億円超）の最大化と、人件費率に見合う支援員全体のスキルアップを主導する。,2.2億円超
9,サービス管理責任者の補佐をすること,,,
9,利用者支援全般に関すること,,,
9,年間支援計画作成に関すること,,,
9,個別支援計画に関すること（サービス管理責任者の指示を受け、個別支援計画に関する記録状況や、計画の経過、見直し等をサポートする）,,,
9,ケース記録に関すること（個別支援計画に沿った支援を実施し内容を記録する。支援経過をまとめ、計画変更がある場合は内容を記録し計画変更をしてもらう),,,
9,管理者・副管理者・サービス管理責任者の指示のもと、女子生活支援員の業務の調整、意見聴取等を行い女子支援員の統括を図ること,,,
9,日中支援・余暇支援・外出支援を利用者の日中生活を充実させる,,,
9,生活支援員への指導に関すること,,,
9,人権擁護・虐待防止・身体拘束に関すること（利用者の人権を守り、虐待防止に努め、身体拘束の削減に努める）,,,
9,個人情報保護に関すること,,,
9,関係諸機関との連絡調整に関すること,,,
9,週計画作成に関すること,,,
9,委員会活動・係分担・行事計画の業務に関すること（進捗状況を把握しながら、担当者がスムーズに業務遂行ができるようにサポートする）.,,,
9,支援業務に関する各種書類の管理（随時、パソコンのフォルダー整理、各種書類の整理、書式の改定を行う）,,,
9,女子支援員全般の管理し、職員間の協力のもと業務を円滑に遂行する。,,,
9,職員会議、支援員会議開催に関すること(内容の計画や相談),,,
9,介護福祉士,,,
10,支援全般に関すること（生活介護事業・施設支援事業のサービス提供者として、利用者の生活向上のために努める）,各担当グループの支援員を指導し、個別支援計画に基づいた質の高い日中活動を実践することで利用者の満足度を高め、正確なケース記録の維持により自立支援給付費収益を担保するとともに、職場環境の整備により離職を防ぎ人件費の安定化に寄与する。,,
10,個別支援計画に関すること（サービス管理責任者の指示を受け、個別支援計画に関する記録状況や、計画の経過、見直し等をサポートする）,,,
10,サービス管理責任者の補佐をすること,,,
10,ケース記録に関すること（個別支援計画に沿った支援を実施し内容を記録する。支援経過をまとめ、計画変更がある場合は内容を記録し計画変更をしてもらう),,,
10,管理者・副管理者・サービス管理責任者の指示のもと、女子生活支援員の業務の調整、意見聴取等を行い副主任と協力し、グループリーダーとして男女子生活支援員の統括を図ること,,,
10,日中支援・余暇支援・外出支援を利用者の日中生活を充実させる,,,
10,生活支援員への指導に関すること,,,
10,人権擁護・虐待防止・身体拘束に関すること（利用者の人権を守り、虐待防止に努め、身体拘束の削減に努める）,,,
10,個人情報保護に関すること,,,
10,委員会活動・係分担表・行事計画の業務に関すること（進捗状況を把握しながら、担当者がスムーズに業務遂行ができるようにサポートする）,,,
10,女子支援員全般の管理し、職員間の協力のもと業務を円滑に遂行する。,,,
10,介護福祉士（介護福祉士実習指導者資格を目指すこと）,,,
11,支援全般に関すること（生活介護事業・施設支援事業のサービス提供者として、利用者の生活向上のために努める）,日々の直接支援において法人理念を体現し、利用者の日中生活の充実（余暇・外出等）を図ることで、生活介護稼働率の向上と、本人・保護者からの信頼による施設入所の継続利用（90%超の維持）を支え、ルンビニー苑の事業基盤を強固にする。,施設入所の継続利用を支える。,90%超の維持
11,個別支援計画に関すること（サービス管理責任者の指示を受け、個別支援計画に関する記録状況や、計画の経過、見直し等をサポートする）,,,
11,ケース記録に関すること（個別支援計画に沿った支援を実施し内容を記録する。支援経過をまとめ、計画変更がある場合は内容を記録し計画変更をしてもらう),,,
11,日中支援・余暇支援・外出支援を利用者の日中生活を充実させる,,,
11,生活支援員への指導に関すること,,,
11,人権擁護・虐待防止・身体拘束に関すること（利用者の人権を守り、虐待防止に努め、身体拘束の削減に努める）,,,
11,個人情報保護に関すること,,,
11,委員会活動・係分担表・行事計画の業務に関すること（進捗状況を把握しながら、担当者がスムーズに業務遂行ができるようにサポートする）,,,
11,男子支援員全般の管理し、職員間の協力のもと業務を円滑に遂行する。,,,
11,経験を活かし、社会福祉士資格取得を目指すこと。,,,
12,支援全般に関すること（生活介護事業・施設支援事業のサービス提供者として、利用者の生活向上のために努める）,日々の直接支援において法人理念を体現し、利用者の日中生活の充実（余暇・外出等）を図ることで、生活介護稼働率の向上と、本人・保護者からの信頼による施設入所の継続利用（90%超の維持）を支え、ルンビニー苑の事業基盤を強固にする。,施設入所の継続利用を支える。,90%超の維持
12,個別支援計画に関すること（サービス管理責任者の指示を受け、個別支援計画に関する記録状況や、計画の経過、見直し等をサポートする）,,,
12,サービス管理責任者の補佐をすること,,,
12,管理者・副管理者・サービス管理責任者の指示のもと、女子生活支援員の業務の調整、意見聴取等を行い副主任と協力し、グループリーダーとして女子生活支援員の統括を図ること,,,
12,ケース記録に関すること（個別支援計画に沿った支援を実施し内容を記録する。支援経過をまとめ、計画変更がある場合は内容を記録し計画変更をしてもらう),,,
12,日中支援・余暇支援・外出支援を利用者の日中生活を充実させること,,,
12,人権擁護・虐待防止・身体拘束に関すること（利用者の人権を守り、虐待防止に努め、身体拘束の削減に努める）,,,
12,個人情報保護に関すること,,,
12,委員会活動・係分担表・行事計画の業務に関すること,,,
12,経験実績を積み、後輩等の良き理解者になるよう努力すること,,,
12,介護福祉士,,,
13,支援全般に関すること（生活介護事業・施設支援事業のサービス提供者として、利用者の生活向上のために努める）,,,
13,個別支援計画に関すること（サービス管理責任者の指示を受け、個別支援計画に関する記録状況や、計画の経過、見直し等をサポートする）,,,
13,ケース記録に関すること（サービス管理責任者の指示を受け、個別支援計画に関する記録状況や、計画の経過、見直し等をサポートする）,,,
13,日中支援・余暇支援・外出支援を利用者の日中生活を充実させること,,,
13,人権擁護・虐待防止・身体拘束に関すること（利用者の人権を守り、虐待防止に努め、身体拘束の削減に努める）,,,
13,個人情報保護に関すること,,,
13,委員会活動・係分担表・行事計画の業務に関すること,,,
13,経験実績を積み、後輩の良き理解者になるよう努力すること,,,
13,経験を活かし、介護福祉士等資格取得に励むこと,,,
14,支援全般に関すること（生活介護事業・施設支援事業のサービス提供者として、利用者の生活向上のために努める）,各担当グループの支援員を指導し、個別支援計画に基づいた質の高い日中活動を実践することで利用者の満足度を高め、正確なケース記録の維持により自立支援給付費収益を担保するとともに、職場環境の整備により離職を防ぎ人件費の安定化に寄与する。,,
14,個別支援計画に関すること（サービス管理責任者の指示を受け、個別支援計画に関する記録状況や、計画の経過、見直し等をサポートする）,,,
14,サービス管理責任者の補佐をすること,,,
14,管理者・副管理者・サービス管理責任者の指示のもと、女子生活支援員の業務の調整、意見聴取等を行い副主任と協力し、グループリーダーとして女子生活支援員の統括を図ること,,,
14,ケース記録に関すること（サービス管理責任者の指示を受け、個別支援計画に関する記録状況や、計画の経過、見直し等をサポートする）,,,
14,日中支援・余暇支援・外出支援を利用者の日中生活を充実させること,,,
14,人権擁護・虐待防止・身体拘束に関すること（利用者の人権を守り、虐待防止に努め、身体拘束の削減に努める）,,,
14,個人情報保護に関すること,,,
14,委員会活動・係分担表・行事計画の業務に関すること,,,
14,経験実績を積み、後輩の良き理解者になるよう努力すること,,,
14,社会福祉士（+社会福祉士実習指導者）・精神保健福祉士,,,
15,支援全般に関すること（生活介護事業・施設支援事業のサービス提供者として、利用者の生活向上のために努める）,各担当グループの支援員を指導し、個別支援計画に基づいた質の高い日中活動を実践することで利用者の満足度を高め、正確なケース記録の維持により自立支援給付費収益を担保するとともに、職場環境の整備により離職を防ぎ人件費の安定化に寄与する。,,
15,個別支援計画に関すること（サービス管理責任者の指示を受け、個別支援計画に関する記録状況や、計画の経過、見直し等をサポートする）,,,
15,サービス管理責任者の補佐をすること,,,
15,管理者・副管理者・サービス管理責任者の指示のもと、男子生活支援員の業務の調整、意見聴取等を行い副主任と協力し、グループリーダーとして男子生活支援員の統括を図ること,,,
15,ケース記録に関すること（サービス管理責任者の指示を受け、個別支援計画に関する記録状況や、計画の経過、見直し等をサポートする）,,,
15,日中支援・余暇支援・外出支援を利用者の日中生活を充実させること,,,
15,人権擁護・虐待防止・身体拘束に関すること（利用者の人権を守り、虐待防止に努め、身体拘束の削減に努める）,,,
15,個人情報保護に関すること,,,
15,委員会活動・係分担表・行事計画の業務に関すること,,,
15,法人や施設業務を理解する,,,
15,経験を活かし、介護福祉士資格取得に励むこと,,,
16,支援全般に関すること（生活介護事業・施設支援事業のサービス提供者として、利用者の生活向上のために努める）,日々の直接支援において法人理念を体現し、利用者の日中生活の充実（余暇・外出等）を図ることで、生活介護稼働率の向上と、本人・保護者からの信頼による施設入所の継続利用（90%超の維持）を支え、ルンビニー苑の事業基盤を強固にする。,,
16,ケース記録に関すること（サービス管理責任者の指示を受け、個別支援計画に関する記録状況や、計画の経過、見直し等をサポートする）,,,
16,日中支援・余暇支援・外出支援を利用者の日中生活を充実させること,,,
16,人権擁護・虐待防止・身体拘束に関すること（利用者の人権を守り、虐待防止に努め、身体拘束の削減に努める）,,,
16,個人情報保護に関すること,,,
16,委員会活動・係分担表・行事計画の業務に関すること,,,
16,法人や施設業務を理解する,,,
16,経験を活かし、資格取得に励むこと,,,
17,支援全般に関すること（生活介護事業・施設支援事業のサービス提供者として、利用者の生活向上のために努める）,日々の直接支援において法人理念を体現し、利用者の日中生活の充実（余暇・外出等）を図ることで、生活介護稼働率の向上と、本人・保護者からの信頼による施設入所の継続利用（90%超の維持）を支え、ルンビニー苑の事業基盤を強固にする。,,
17,個別支援計画に関すること（サービス管理責任者の指示を受け、個別支援計画に関する記録状況や、計画の経過、見直し等をサポートする）,,,
17,ケース記録に関すること（サービス管理責任者の指示を受け、個別支援計画に関する記録状況や、計画の経過、見直し等をサポートする）,,,
17,日中支援・余暇支援・外出支援を利用者の日中生活を充実させること,,,
17,人権擁護・虐待防止・身体拘束に関すること（利用者の人権を守り、虐待防止に努め、身体拘束の削減に努める）,,,
17,個人情報保護に関すること,,,
17,委員会活動・係分担表・行事計画の業務に関すること,,,
17,経験実績を積み、後輩の良き理解者になるよう努力すること,,,
17,介護福祉士,,,
18,支援全般に関すること（生活介護事業・施設支援事業のサービス提供者として、利用者の生活向上のために努める）,日々の直接支援において法人理念を体現し、利用者の日中生活の充実（余暇・外出等）を図ることで、生活介護稼働率の向上と、本人・保護者からの信頼による施設入所の継続利用（90%超の維持）を支え、ルンビニー苑の事業基盤を強固にする。,,
18,個別支援計画に関すること（サービス管理責任者の指示を受け、個別支援計画に関する記録状況や、計画の経過、見直し等をサポートする）,,,
18,ケース記録に関すること（サービス管理責任者の指示を受け、個別支援計画に関する記録状況や、計画の経過、見直し等をサポートする）,,,
18,日中支援・余暇支援・外出支援を利用者の日中生活を充実させること,,,
18,人権擁護・虐待防止・身体拘束に関すること（利用者の人権を守り、虐待防止に努め、身体拘束の削減に努める）,,,
18,個人情報保護に関すること,,,
18,委員会活動・係分担表・行事計画の業務に関すること,,,
18,法人や施設業務を理解する,,,
18,社会福祉士,,,
19,支援全般に関すること（生活介護事業・施設支援事業のサービス提供者として、利用者の生活向上のために努める）,各担当グループの支援員を指導し、個別支援計画に基づいた質の高い日中活動を実践することで利用者の満足度を高め、正確なケース記録の維持により自立支援給付費収益を担保するとともに、職場環境の整備により離職を防ぎ人件費の安定化に寄与する。,,
19,サービス管理責任者の補佐をすること,,,
19,管理者・副管理者・サービス管理責任者の指示のもと、男子生活支援員の業務の調整、意見聴取等を行い副主任と協力し、グループリーダーとして男子生活支援員の統括を図ること,,,
19,個別支援計画に関すること（生活介護事業・施設支援事業のサービス提供者として、個別支援計画に沿ってサービスの提供を行う）,,,
19,ケース記録に関すること（個別支援計画に沿った支援を実施し内容を記録する。),,,
19,日中支援・余暇支援・外出支援を利用者の日中生活を充実させること,,,
19,人権擁護・虐待防止・身体拘束に関すること（利用者の人権を守り、虐待防止に努め、身体拘束の削減に努める）,,,
19,個人情報保護に関すること,,,
19,委員会活動・係分担表・行事計画の業務に関すること,,,
19,施設・法人の活動を理解すること。,,,
19,経験を活かし、資格取得に励むこと,,,
20,支援全般に関すること（生活介護事業・施設支援事業のサービス提供者として、利用者の生活向上のために努める）,日々の直接支援において法人理念を体現し、利用者の日中生活の充実（余暇・外出等）を図ることで、生活介護稼働率の向上と、本人・保護者からの信頼による施設入所の継続利用（90%超の維持）を支え、ルンビニー苑の事業基盤を強固にする。,,
20,個別支援計画に関すること（生活介護事業・施設支援事業のサービス提供者として、個別支援計画に沿ってサービスの提供を行う）,,,
20,ケース記録に関すること（個別支援計画に沿った支援を実施し内容を記録する。),,,
20,日中支援・余暇支援・外出支援を利用者の日中生活を充実させること,,,
20,人権擁護・虐待防止・身体拘束に関すること（利用者の人権を守り、虐待防止に努め、身体拘束の削減に努める）,,,
20,個人情報保護に関すること,,,
20,委員会活動・係分担表・行事計画の業務に関すること,,,
20,施設・法人の活動を理解すること。,,,
20,介護福祉士(+実習指導者),,,
21,支援全般に関すること（生活介護事業・施設支援事業のサービス提供者として、利用者の生活向上のために努める）,日々の直接支援において法人理念を体現し、利用者の日中生活の充実（余暇・外出等）を図ることで、生活介護稼働率の向上と、本人・保護者からの信頼による施設入所の継続利用（90%超の維持）を支え、ルンビニー苑の事業基盤を強固にする。,,
21,個別支援計画に関すること（サービス管理責任者の指示を受け、個別支援計画に関する記録状況や、計画の経過、見直し等をサポートする）,,,
21,ケース記録に関すること（サービス管理責任者の指示を受け、個別支援計画に関する記録状況や、計画の経過、見直し等をサポートする）,,,
21,日中支援・余暇支援・外出支援を利用者の日中生活を充実させること,,,
21,人権擁護・虐待防止・身体拘束に関すること（利用者の人権を守り、虐待防止に努め、身体拘束の削減に努める）,,,
21,個人情報保護に関すること,,,
21,委員会活動・係分担表・行事計画の業務に関すること,,,
21,施設・法人の活動を理解すること。,,,
22,支援全般に関すること（生活介護事業・施設支援事業のサービス提供者として、利用者の生活向上のために努める）,日々の直接支援において法人理念を体現し、利用者の日中生活の充実（余暇・外出等）を図ることで、生活介護稼働率の向上と、本人・保護者からの信頼による施設入所の継続利用（90%超の維持）を支え、ルンビニー苑の事業基盤を強固にする。,,
22,個別支援計画に関すること（サービス管理責任者の指示を受け、個別支援計画に関する記録状況や、計画の経過、見直し等をサポートする）,,,
22,ケース記録に関すること（サービス管理責任者の指示を受け、個別支援計画に関する記録状況や、計画の経過、見直し等をサポートする）,,,
22,日中支援・余暇支援・外出支援を利用者の日中生活を充実させること,,,
22,人権擁護・虐待防止・身体拘束に関すること（利用者の人権を守り、虐待防止に努め、身体拘束の削減に努める）,,,
22,個人情報保護に関すること,,,
22,委員会活動・係分担表・行事計画の業務に関すること,,,
22,施設・法人の活動を理解すること。,,,
22,介護福祉士,,,
23,支援全般に関すること（生活介護事業・施設支援事業のサービス提供者として、利用者の生活向上のために努める）,日々の直接支援において法人理念を体現し、利用者の日中生活の充実（余暇・外出等）を図ることで、生活介護稼働率の向上と、本人・保護者からの信頼による施設入所の継続利用（90%超の維持）を支え、ルンビニー苑の事業基盤を強固にする。,,
23,個別支援計画に関すること（サービス管理責任者の指示を受け、個別支援計画に関する記録状況や、計画の経過、見直し等をサポートする）,,,
23,ケース記録に関すること（サービス管理責任者の指示を受け、個別支援計画に関する記録状況や、計画の経過、見直し等をサポートする）,,,
23,日中支援・余暇支援・外出支援を利用者の日中生活を充実させること,,,
23,人権擁護・虐待防止・身体拘束に関すること（利用者の人権を守り、虐待防止に努め、身体拘束の削減に努める）,,,
23,個人情報保護に関すること,,,
23,委員会活動・係分担表・行事計画の業務に関すること,,,
23,施設・法人の活動を理解すること。,,,
24,支援全般に関すること（生活介護事業・施設支援事業のサービス提供者として、利用者の生活向上のために努める）,日々の直接支援において法人理念を体現し、利用者の日中生活の充実（余暇・外出等）を図ることで、生活介護稼働率の向上と、本人・保護者からの信頼による施設入所の継続利用（90%超の維持）を支え、ルンビニー苑の事業基盤を強固にする。,,
24,個別支援計画に関すること（サービス管理責任者の指示を受け、個別支援計画に関する記録状況や、計画の経過、見直し等をサポートする）,,,
24,ケース記録に関すること（サービス管理責任者の指示を受け、個別支援計画に関する記録状況や、計画の経過、見直し等をサポートする）,,,
24,日中支援・余暇支援・外出支援を利用者の日中生活を充実させること,,,
24,人権擁護・虐待防止・身体拘束に関すること（利用者の人権を守り、虐待防止に努め、身体拘束の削減に努める）,,,
24,個人情報保護に関すること,,,
24,委員会活動・係分担表・行事計画の業務に関すること,,,
24,施設・法人の活動を理解すること,,,
24,経験を活かし、資格取得に励むこと,,,
25,支援全般に関すること（生活介護事業・施設支援事業のサービス提供者として、利用者の生活向上のために努める）,日々の直接支援において法人理念を体現し、利用者の日中生活の充実（余暇・外出等）を図ることで、生活介護稼働率の向上と、本人・保護者からの信頼による施設入所の継続利用（90%超の維持）を支え、ルンビニー苑の事業基盤を強固にする。,,
25,個別支援計画に関すること（サービス管理責任者の指示を受け、個別支援計画に関する記録状況や、計画の経過、見直し等をサポートする）,,,
25,ケース記録に関すること（サービス管理責任者の指示を受け、個別支援計画に関する記録状況や、計画の経過、見直し等をサポートする）,,,
25,日中支援・余暇支援・外出支援を利用者の日中生活を充実させること,,,
25,人権擁護・虐待防止・身体拘束に関すること（利用者の人権を守り、虐待防止に努め、身体拘束の削減に努める）,,,
25,個人情報保護に関すること,,,
25,委員会活動・係分担表・行事計画の業務に関すること,,,
25,介護福祉士,,,
26,支援全般に関すること（生活介護事業・施設支援事業のサービス提供者として、利用者の生活向上のために努める）,日々の直接支援において法人理念を体現し、利用者の日中生活の充実（余暇・外出等）を図ることで、生活介護稼働率の向上と、本人・保護者からの信頼による施設入所の継続利用（90%超の維持）を支え、ルンビニー苑の事業基盤を強固にする。,,
26,個別支援計画に関すること（サービス管理責任者の指示を受け、個別支援計画に関する記録状況や、計画の経過、見直し等をサポートする）,,,
26,ケース記録に関すること（サービス管理責任者の指示を受け、個別支援計画に関する記録状況や、計画の経過、見直し等をサポートする）,,,
26,日中支援・余暇支援・外出支援を利用者の日中生活を充実させること,,,
26,人権擁護・虐待防止・身体拘束に関すること（利用者の人権を守り、虐待防止に努め、身体拘束の削減に努める）,,,
26,個人情報保護に関すること,,,
26,委員会活動・係分担表・行事計画の業務に関すること,,,
26,介護福祉士,,,
27,支援全般に関すること（生活介護事業・施設支援事業のサービス提供者として、利用者の生活向上のために努める）,日々の直接支援において法人理念を体現し、利用者の日中生活の充実（余暇・外出等）を図ることで、生活介護稼働率の向上と、本人・保護者からの信頼による施設入所の継続利用（90%超の維持）を支え、ルンビニー苑の事業基盤を強固にする。,,
27,個別支援計画に関すること（サービス管理責任者の指示を受け、個別支援計画に関する記録状況や、計画の経過、見直し等をサポートする）,,,
27,ケース記録に関すること（サービス管理責任者の指示を受け、個別支援計画に関する記録状況や、計画の経過、見直し等をサポートする）,,,
27,日中支援・余暇支援・外出支援を利用者の日中生活を充実させること,,,
27,人権擁護・虐待防止・身体拘束に関すること（利用者の人権を守り、虐待防止に努め、身体拘束の削減に努める）,,,
27,個人情報保護に関すること,,,
27,委員会活動・係分担表・行事計画の業務に関すること,,,
27,法人や施設業務を理解する,,,
27,社会福祉士,,,
28,支援全般に関すること（生活介護事業・施設支援事業のサービス提供者として、利用者の生活向上のために努める）,施設内外の徹底した清掃・衛生管理と丁寧な設備保全を遂行することで、短期入所の利用検討者への第一印象を改善し、低迷する稼働率（25.5%）の回復を環境面から支援するとともに、高額な修繕費支出（約190万円）を未然に防ぐ維持管理を行う。,,
28,日中支援・余暇支援・外出支援を利用者の日中生活を充実させること,,,
28,人権擁護・虐待防止・身体拘束に関すること（利用者の人権を守り、虐待防止に努め、身体拘束の削減に努める）,,,
28,個人情報保護に関すること,,,
28,施設内外の清掃に関すること,,,
28,利用者の衣類等クリーニングに関する事,,,
29,支援全般に関すること（生活介護事業・施設支援事業のサービス提供者として、利用者の生活向上のために努める）,施設内外の徹底した清掃・衛生管理と丁寧な設備保全を遂行することで、短期入所の利用検討者への第一印象を改善し、低迷する稼働率（25.5%）の回復を環境面から支援するとともに、高額な修繕費支出（約190万円）を未然に防ぐ維持管理を行う。,,
29,日中支援・余暇支援・外出支援を利用者の日中生活を充実させること,,,
29,人権擁護・虐待防止・身体拘束に関すること（利用者の人権を守り、虐待防止に努め、身体拘束の削減に努める）,,,
29,個人情報保護に関すること,,,
29,施設内外の清掃に関すること,,,
29,利用者の衣類等クリーニングに関する事,,,
30,献立表の作成、食材の発注及び検食に関すること,"食材発注プロセスの抜本的な見直しにより、前年比114.7%と高騰した給食費支出（約1,615万円）を予算内に収めるためのコストコントロールを断行しつつ、し好調査に基づいた高品質な食事提供を両立させ、利用者の健康と満足度を維持する。",食材発注プロセスの抜本的な見直し,
30,給食にかかる各種台帳の記録、整理保管に関すること,,,
30,給食、調理及び配膳に関すること,,,
30,利用者の栄養指導及びし好調査に関すること(利用者個々の食事状況や健康状況に応じた食事の提供を行う),,,
30,調理室、配膳室の衛生管理に関すること,,,
30,保存食の管理に関すること,,,
30,冷凍庫、蔵食品保管等の管理に関すること,,,
30,調理用機器、食品等の管理に関すること,,,
30,殺菌等の管理及び手洗い励行、残菜排油空容器に関すること,,,
30,職員の細菌検査に関すること,,,
30,備蓄食品の保管、管理に関すること,,,
30,群馬県知的障害者福祉協会　給食部会【書記】,,,
30,委員会活動・係分担表・行事計画の業務に関すること,,,
30,人権擁護・虐待防止・身体拘束に関すること（利用者の人権を守り、虐待防止に努め、身体拘束の削減に努める）,,,
30,個人情報保護に関すること,,,
30,後輩の管理栄養士・調理師の業務指導にあたること。,,,
31,献立表の作成、食材の発注及び検食に関すること,主任管理栄養士と連携し、日々の献立作成と食材発注におけるロスを最小化することで給食費の効率化を図り、利用者個々の健康状態に最適化された食事提供を通じて、施設全体のケアの質向上と、健全な収支バランスの確保に貢献する。,,
31,給食にかかる各種台帳の記録、整理保管に関すること,,,
31,給食、調理及び配膳に関すること,,,
31,利用者の栄養指導及びし好調査に関すること(利用者個々の食事状況や健康状況に応じた食事の提供を行う),,,
31,調理室、配膳室の衛生管理に関すること,,,
31,保存食の管理に関すること,,,
31,冷凍庫、蔵食品保管等の管理に関すること,,,
31,調理用機器、食品等の管理に関すること,,,
31,殺菌等の管理及び手洗い励行、残菜排油空容器に関すること,,,
31,職員の細菌検査に関すること,,,
31,備蓄食品の保管、管理に関すること,,,
31,群馬県知的障害者福祉協会　給食部会,,,
31,委員会活動・係分担表・行事計画の業務に関すること,,,
31,人権擁護・虐待防止・身体拘束に関すること（利用者の人権を守り、虐待防止に努め、身体拘束の削減に努める）,,,
31,個人情報保護に関すること,,,
32,調理師の総括に関すること（管理者の命令を受け、調理師の役割を遂行できるよう、管理栄養士と連携し調理師部門を統括すること),衛生的な調理と配膳を徹底し、残菜ロスの削減による給食費支出の抑制に現場レベルで取り組むとともに、行事食等の工夫により利用者の食の喜びを最大化し、入居・利用継続率（生活介護84.6%等）の維持・向上を食の側面から支える。,,
32,給食、調理、配膳に関すること,,,
32,利用者個々の食事状況や健康状況に応じた食事の提供を行う,,,
32,その他、調理全般業務に関すること,,,
32,群馬県知的障害者福祉協会　給食部会,,,
32,委員会・係分担表・行事計画の業務に関すること,,,
32,人権擁護・虐待防止・身体拘束に関すること（利用者の人権を守り、虐待防止に努め、身体拘束の削減に努める）,,,
32,個人情報保護に関すること,,,
33,給食、調理、配膳に関すること,衛生的な調理と配膳を徹底し、残菜ロスの削減による給食費支出の抑制に現場レベルで取り組むとともに、行事食等の工夫により利用者の食の喜びを最大化し、入居・利用継続率（生活介護84.6%等）の維持・向上を食の側面から支える。,,
33,利用者個々の食事状況や健康状況に応じた食事の提供を行う,,,
33,その他、調理全般業務に関すること,,,
33,群馬県知的障害者福祉協会　給食部会,,,
33,委員会・係分担表・行事計画の業務に関すること,,,
33,人権擁護・虐待防止・身体拘束に関すること（利用者の人権を守り、虐待防止に努め、身体拘束の削減に努める）,,,
33,個人情報保護に関すること,,,
34,給食、調理、配膳に関すること,衛生的な調理と配膳を徹底し、残菜ロスの削減による給食費支出の抑制に現場レベルで取り組むとともに、行事食等の工夫により利用者の食の喜びを最大化し、入居・利用継続率（生活介護84.6%等）の維持・向上を食の側面から支える。,,
34,利用者個々の食事状況や健康状況に応じた食事の提供を行う,,,
34,その他、調理全般業務に関すること,,,
34,係分担表・行事計画の業務に関すること,,,
34,人権擁護・虐待防止・身体拘束に関すること（利用者の人権を守り、虐待防止に努め、身体拘束の削減に努める）,,,
34,個人情報保護に関すること,,,
35,給食、調理、配膳に関すること,衛生的な調理と配膳を徹底し、残菜ロスの削減による給食費支出の抑制に現場レベルで取り組むとともに、行事食等の工夫により利用者の食の喜びを最大化し、入居・利用継続率（生活介護84.6%等）の維持・向上を食の側面から支える。,,
35,利用者個々の食事状況や健康状況に応じた食事の提供を行う,,,
35,その他、調理全般業務に関すること,,,
35,係分担表・行事計画の業務に関すること,,,
35,人権擁護・虐待防止・身体拘束に関すること（利用者の人権を守り、虐待防止に努め、身体拘束の削減に努める）,,,
35,個人情報保護に関すること,,,
36,管理者・副管理者の指示を受け相談支援事業所内の統一を図ること,"基幹相談支援センターにおける中核業務を遂行しつつ、赤字状態にある自所の相談支援事業（当期活動増減差額-615,641円）の収支改善に向けた連携体制を強化し、ルンビニー苑本体の短期入所（25.5%）等の空床を埋めるための地域連携を加速させる。",,
36,前橋市基幹相談センターにて業務を遂行する事。,,,
36,総合的・専門的な相談の実施,,,
36,地域の相談支援体制強化の取組,,,
36,地域の相談事業者への専門的な指導助言,,,
36,地域の相談機関との連携強化,,,
36,地域移行・地域定着の促進への取組,,,
36,権利擁護・虐待の防止・身体拘束に関すること（利用者の人権を守り、虐待防止に努め、身体拘束の削減に努める）,,,
36,福祉サービス(情報提供・相談等)の利用援助,,,
36,社会資源を活用するための支援,,,
36,自立支援協議会の役割の遂行,,,
36,基幹相談支援センター業務を理解し、習得すること。,,,
36,地域交流に関すること,,,
37,管理者・副管理者の指示を受け相談支援事業所内の統一を図ること,現在の相談件数（成人38件、児童8件）を戦略的に増加させ、計画相談支援および障害児相談支援（計約850万円の収益）の最大化を図ることで、事業単体の黒字化を目指し、地域移行・定着支援の促進を通じてルンビニー苑全体の社会的価値と収益性を高める。,,
37,赤城野荘障害者相談支援事業所にて業務を遂行する事。,,,
37,総合的な相談支援の実施(情報提供、相談、アセスメント、ケア計画作成、サービス調整、モニタリング、個別ケース会議等),,,
37,社会資源を活用するための支援　各種支援施策に関する助言指導,,,
37,社会生活力を高めるための支援  人間関係、健康管理、金銭管理等,,,
37,福祉サービスの利用援助,,,
37,地域の自立支援協議会への参加,,,
37,地域移行・地域定着の促進への取組,,,
37,権利擁護・虐待の防止・身体拘束に関すること（利用者の人権を守り、虐待防止に努め、身体拘束の削減に努める）,,,
37,地域交流に関すること,,,
37,社会福祉士+社会福祉士実習指導者・精神保健福祉士,,,
38,管理者・副管理者の指示を受け相談支援事業所内の統一を図ること,現在の相談件数（成人38件、児童8件）を戦略的に増加させ、計画相談支援および障害児相談支援（計約850万円の収益）の最大化を図ることで、事業単体の黒字化を目指し、地域移行・定着支援の促進を通じてルンビニー苑全体の社会的価値と収益性を高める。,,
38,赤城野荘障害者相談支援事業所にて業務を遂行する事。,,,
38,総合的な相談支援の実施(情報提供、相談、アセスメント、ケア計画作成、サービス調整、モニタリング、個別ケース会議等),,,
38,社会資源を活用するための支援　各種支援施策に関する助言指導,,,
38,社会生活力を高めるための支援  人間関係、健康管理、金銭管理等,,,
38,福祉サービスの利用援助,,,
38,地域の自立支援協議会への参加,,,
38,地域移行・地域定着の促進への取組,,,
38,権利擁護・虐待の防止・身体拘束に関すること（利用者の人権を守り、虐待防止に努め、身体拘束の削減に努める）,,,
38,地域交流に関すること,,,
38,社会福祉士,,,
39,管理者・副管理者の指示を受け相談支援事業所内の統一を図ること,現在の相談件数（成人38件、児童8件）を戦略的に増加させ、計画相談支援および障害児相談支援（計約850万円の収益）の最大化を図ることで、事業単体の黒字化を目指し、地域移行・定着支援の促進を通じてルンビニー苑全体の社会的価値と収益性を高める。,,
39,赤城野荘障害者相談支援事業所にて業務を遂行する事。,,,
39,総合的な相談支援の実施(情報提供、相談、アセスメント、ケア計画作成、サービス調整、モニタリング、個別ケース会議等),,,
39,社会資源を活用するための支援　各種支援施策に関する助言指導,,,
39,社会生活力を高めるための支援  人間関係、健康管理、金銭管理等,,,
39,福祉サービスの利用援助,,,
39,地域の自立支援協議会への参加,,,
39,地域移行・地域定着の促進への取組,,,
39,権利擁護・虐待の防止・身体拘束に関すること（利用者の人権を守り、虐待防止に努め、身体拘束の削減に努める）,,,
39,地域交流に関すること,,,
40,管理者・副管理者の指示を受け相談支援事業所内の統一を図ること,現在の相談件数（成人38件、児童8件）を戦略的に増加させ、計画相談支援および障害児相談支援（計約850万円の収益）の最大化を図ることで、事業単体の黒字化を目指し、地域移行・定着支援の促進を通じてルンビニー苑全体の社会的価値と収益性を高める。,,
40,赤城野荘障害者相談支援事業所にて業務を遂行する事。,,,
40,社会資源を活用するための支援　各種支援施策に関する助言指導,,,
40,社会生活力を高めるための支援  人間関係、健康管理、金銭管理等,,,
40,福祉サービスの利用援助,,,
40,地域移行・地域定着の促進への取組,,,
40,権利擁護・虐待の防止・身体拘束に関すること（利用者の人権を守り、虐待防止に努め、身体拘束の削減に努める）,,,
40,地域交流に関すること,,,